{"live-clock":{"top":"647.594px","left":"1700px","right":"auto","width":"838px","height":"177px"},"traffic-data":{"top":"1072.59px","left":"31px","right":"auto","width":"432px","height":"251.594px"},"listening-ports":{"top":"29.7969px","left":"38px","right":"auto","width":"425px","height":"994.594px"},"live-traffic-log":{"top":"891.188px","left":"1808.8px","right":"auto","width":"731.188px","height":"472.594px"},"active-connections":{"top":"26.3906px","left":"1824.8px","right":"auto","width":"710.188px","height":"570px"}}